version,n_features,val_gmean,test_gmean,val_pr_auc,test_pr_auc,best_threshold_gmean,val_roc_auc,test_roc_auc,val_f1,test_f1,val_recall,test_recall,val_precision,test_precision,val_specificity,test_specificity
v3,106,0.8817688097036738,0.8779123119926098,0.45966755856264185,0.5924111597307452,0.016637752770087992,0.946590909090909,0.9539256198347108,0.31794871794871793,0.3392857142857143,0.8857142857142857,0.8636363636363636,0.19375,0.2111111111111111,0.8778409090909091,0.8924242424242425
