version,n_features,best_params,cv_roc_auc,val_pr_auc,val_roc_auc,val_gmean,val_f1,val_recall,val_precision,val_specificity,best_threshold_gmean,test_pr_auc,test_roc_auc,test_gmean,test_f1,test_recall,test_precision,test_specificity
v3,106,"{'max_depth': None, 'min_samples_leaf': 2, 'min_samples_split': 5, 'n_estimators': 300}",0.9442076669166628,0.40107837612335584,0.944047619047619,0.8951226668700581,0.2677165354330709,0.9714285714285437,0.1552511415525114,0.8248106060606053,0.029783284363639265,0.4942107859006319,0.9452651515151516,0.8479638551993246,0.2508250825082508,0.863636363636344,0.14671814671814673,0.832575757575757
v1,94,"{'max_depth': 15, 'min_samples_leaf': 4, 'min_samples_split': 10, 'n_estimators': 300}",0.9291676439063989,0.3926374326551775,0.9443220079583716,0.8938109820455997,0.32786885245901637,0.9090909090908815,0.2,0.8787878787878779,0.09766266885836955,0.49533239488055986,0.94178145087236,0.8292184909811783,0.2810810810810811,0.787878787878764,0.17105263157894737,0.8727272727272718
v2,11,"{'max_depth': 5, 'min_samples_leaf': 4, 'min_samples_split': 10, 'n_estimators': 200}",0.8236676229520391,0.10001426477568331,0.803458830731558,0.7490428542004898,0.13574660633484162,0.9090909090908815,0.07334963325183375,0.6171717171717165,0.2618872543324163,0.11010192082057624,0.8224977043158861,0.7488589422148555,0.13390928725701945,0.9393939393939109,0.07209302325581396,0.5969696969696964
